{
    "title": "colincat的开发笔记",
    "description": "记录开发的平时的积累,以备复查", 
    "author": "colincat",
    "output.name": "site",
    "language": "zh-hans",
    "root": "docs",
    "links": {
        "sidebar": {
            "Home": "http://www.colincat.com"
        }
    },
    "plugins": [
        "-lunr", 
        "-search", 
        "search-plus",
        "github",
        "github-buttons",
        "splitter",
        "-sharing",
        "sharing-plus",
        "expandable-chapters-small"
        ],
    "pluginsConfig": {
        "github": {
            "url": "https://github.com/colincat"
        },
        "github-buttons": {
            "buttons": [{
              "user": "colincat",
              "repo": "iOSCodeReView",
              "type": [
                  "star"
                ],
              "size": "small"
            }]
          },
        "sharing": {
            "douban": false,
            "facebook": false,
            "google": false,
            "hatenaBookmark": false,
            "instapaper": false,
            "line": false,
            "linkedin": false,
            "messenger": false,
            "pocket": false,
            "qq": true,
            "qzone": false,
            "stumbleupon": false,
            "twitter": true,
            "viber": false,
            "vk": false,
            "weibo": true,
            "whatsapp": false,
            "all": [
            ]
        }
    }
}